<?xml version="1.0" encoding="UTF-8"?>
<project-private xmlns="http://www.netbeans.org/ns/project-private/1">
    <editor-bookmarks xmlns="http://www.netbeans.org/ns/editor-bookmarks/2" lastBookmarkId="0"/>
    <open-files xmlns="http://www.netbeans.org/ns/projectui-open-files/2">
        <group>
            <file>file:/D:/xampp/htdocs/klaskowski/advanced/frontend/views/site/index.php</file>
            <file>file:/D:/xampp/htdocs/klaskowski/advanced/backend/views/kategoria/create.php</file>
            <file>file:/D:/xampp/htdocs/klaskowski/advanced/backend/config/main.php</file>
            <file>file:/D:/xampp/htdocs/klaskowski/advanced/frontend/controllers/SiteController.php</file>
            <file>file:/D:/xampp/htdocs/klaskowski/advanced/backend/views/site/index.php</file>
            <file>file:/D:/xampp/htdocs/klaskowski/advanced/frontend/views/layouts/main.php</file>
            <file>file:/D:/xampp/htdocs/klaskowski/advanced/backend/views/layouts/main.php</file>
            <file>file:/D:/xampp/htdocs/klaskowski/advanced/frontend/views/site/nauka.php</file>
            <file>file:/D:/xampp/htdocs/klaskowski/advanced/backend/views/kategoria/index.php</file>
        </group>
    </open-files>
</project-private>
